timestamp, id, x, y, z
1644440403883.507,1,-250.68823230469553,120.35679047695835,38.76106663285657
1644440403983.9958,1,-250.7307663345564,120.18631775767557,38.60609003194457
1644440404084.441,1,-250.78037593346104,119.98748676857188,38.42533295258958
1644440404185.031,1,-250.7788879482411,119.9855704564899,38.437680405685434
1644440404285.534,1,-250.65912589257783,120.44335950197335,38.8934777843608
1644440404385.973,1,-250.7066287502546,120.24909055728082,38.723800033051944
1644440404486.423,1,-250.7564668123727,120.05773903603011,38.53438750921771
1644440404587.022,1,-250.81661841777017,119.83314369917619,38.300006092004224
1644440404687.6409,1,-250.88482301489847,119.5862931590901,38.02841261242172
1644440404788.177,1,-250.95995840553053,119.31741196233482,37.72799443316246
1644440404889.6091,1,-251.062045580597,118.91816238780524,37.34743921552418
1644440404990.156,1,-250.97972759687732,119.23491132030325,37.65902285867652
1644440405090.577,1,-250.883715952358,119.60435168478554,38.022438683901576
1644440405191.0552,1,-250.78139211694506,119.99872469024643,38.40916027827084
1644440405291.517,1,-250.65760147301913,120.47550991724125,38.87730874910873
1644440405391.9639,1,-250.57667424320206,120.78504726110843,39.185322312581675
1644440405492.573,1,-250.61500179890453,120.62993996328105,39.04719472439629
1644440405593.026,1,-250.65970517339358,120.44903044547681,38.88608950417715
1644440405693.459,1,-250.70730439488577,120.2557048666594,38.715182706696936
1644440405794.07,1,-250.75755167603748,120.05073809887445,38.53557487709498
1644440405894.5999,1,-250.83275743279387,119.7687380114988,38.24418894336706
1644440405995.0718,1,-250.71229718684302,120.22698086244476,38.70494760320824
1644440406095.709,1,-250.69292597441407,120.28985345278508,38.788893984001874
1644440406196.197,1,-250.74064984667035,120.10516748054576,38.60921018889956
1644440406296.9192,1,-250.7986926745422,119.88809719189285,38.383799797239504
1644440406398.0688,1,-250.86639097210372,119.63491709140843,38.12089221110737
1644440406498.84,1,-250.88385275752367,119.57111029981684,38.05171539806993
1644440406599.336,1,-250.83305118144594,119.7652244647703,38.24524755895902
1644440406699.7769,1,-250.90610793396186,119.49185371037605,37.96166778470999
1644440406800.196,1,-250.991509566124,119.17287358812321,37.629637909813475
1644440406900.81,1,-250.89762313896622,119.53187853701738,37.98706582509334
1644440407001.491,1,-250.98177859645017,119.21944118544486,37.658161233243305
1644440407101.9421,1,-250.8861081373096,119.58630808092683,38.021433726405476
1644440407202.345,1,-250.78939650611045,119.95796343146219,38.38793484606972
1644440407302.9849,1,-250.66224552324056,120.44731936807612,38.86912996337375
1644440407403.443,1,-250.63454817753112,120.54684544069164,38.98038820784269
1644440407503.875,1,-250.5465017345142,120.8799525396949,39.31883154907545
1644440407604.352,1,-250.43958155262592,121.2917936321452,39.7231494700312
1644440407704.771,1,-250.44701904789503,121.27248423991404,39.68651953222989
1644440407805.1902,1,-250.45825165095468,121.23366859533226,39.639990114661856
1644440407905.605,1,-250.47233892185602,121.17086818475877,39.594495271776026
1644440408006.147,1,-250.4789589190853,121.13581792714679,39.578160175020194
1644440408106.7358,1,-250.4866801580173,121.09493703184197,39.5591077221777
1644440408207.279,1,-250.50247493008598,121.0425156800646,39.49171352609576
1644440408307.751,1,-250.52084981885028,120.97806486921517,39.41615176283274
1644440408408.1719,1,-250.53791969387416,120.90927996879955,39.354313027167116
1644440408508.615,1,-250.5742094468443,120.7717606520231,39.21496088040672
1644440408609.03,1,-250.60484761293034,120.64930550734927,39.10307637085263
1644440408709.444,1,-250.6351361443677,120.52635795312953,38.994177100672566
1644440408809.9001,1,-250.6236047968159,120.57444684884624,39.034341678349975
1644440408910.351,1,-250.54223645577633,120.8807263411067,39.348424492845716
1644440409012.09,1,-250.57227738402793,120.75782945275812,39.241235140608744
1644440409112.7988,1,-250.60178893435307,120.64969470279539,39.12443837821623
1644440409213.383,1,-250.63620975409364,120.52357165283152,38.98821238329857
1644440409313.8599,1,-250.67635650404634,120.3764679351306,38.829325087870494
1644440409414.33,1,-250.72318169716795,120.20489339924968,38.64400676691635
1644440409514.79,1,-250.65278194857376,120.47909013802231,38.90718095041172
1644440409615.2598,1,-250.62403271689305,120.58353659246129,39.02129322068096
1644440409715.846,1,-250.65536470819137,120.45114797689187,38.913081301202645
1644440409816.4438,1,-250.691908800681,120.29673641185977,38.7868682445141
1644440409917.0288,1,-250.76553426319492,120.02186797283109,38.5024466468504
1644440410017.6821,1,-250.8206209059863,119.81112208367213,38.29405763298681
1644440410118.227,1,-250.76386706047919,120.02160417429002,38.51607206720459
1644440410218.82,1,-250.70294832423136,120.25400643837554,38.74848308033455
1644440410319.3591,1,-250.75975060375868,120.04210739555695,38.527406048576715
1644440410419.861,1,-250.75964665713323,120.04591556503539,38.524695549711744
1644440410520.355,1,-250.62702437662486,120.55026711820987,39.032116702312685
1644440410620.7969,1,-250.47250555389655,121.13840255519683,39.62284805865414
1644440410721.2551,1,-250.4859423695138,121.09321172713251,39.56605711726235
1644440410821.9248,1,-250.50161440988944,121.04050336957101,39.499818958473256
1644440410922.614,1,-250.51937111934976,120.97939164615491,39.426037815877145
1644440411023.277,1,-250.55495535472096,120.85187380071649,39.282781086574104
1644440411123.846,1,-250.5920500086252,120.70622148900041,39.14502978437028
1644440411224.3809,1,-250.623275913838,120.57452551431439,39.03734823953414
1644440411325.0151,1,-250.6588910571345,120.43755967209202,38.902470789206326
1644440411425.445,1,-250.7031501135345,120.27591094022287,38.72706303217095
1644440411525.834,1,-250.69379590879947,120.31849712127183,38.756465927477066
1644440411626.2988,1,-250.61173533716135,120.6366903468465,39.064857803844966
1644440411726.754,1,-250.6525166205662,120.49061024329409,38.90062243134236
1644440411827.533,1,-250.70346061490005,120.28652311789324,38.715134795847725
1644440411928.019,1,-250.56149174244146,120.83089992515875,39.254235665585455
1644440412028.695,1,-250.58289502495614,120.73598655607272,39.184341627842734
1644440412129.315,1,-250.62161872844925,120.58806789647616,39.0366163627282
1644440412230.041,1,-250.66455251228612,120.43197709186268,38.86572780779153
1644440412330.476,1,-250.70500505539465,120.27271477427573,38.715801403448836
1644440412430.9138,1,-250.74997213594827,120.08850531636035,38.555670981109515
1644440412531.484,1,-250.8047593544552,119.87201889285964,38.35333431257965
1644440412631.9548,1,-250.8117855391461,119.84778202733327,38.32404292944757
1644440412732.7412,1,-250.68783660232884,120.3191739119674,38.7980853621591
1644440412833.38,1,-250.54326866319232,120.86898220429465,39.350985123303914
1644440412934.572,1,-250.56795459017977,120.77933780124886,39.252445356137414
1644440413035.21,1,-250.6064064614375,120.63825693001858,39.10036468499679
1644440413135.843,1,-250.64002057377348,120.49525499793378,38.985253066041196
1644440413236.445,1,-250.6740121575344,120.34818067025533,38.87104583872733
1644440413336.955,1,-250.7182325921314,120.17344679622465,38.707404153528245
1644440413437.4138,1,-250.647009556054,120.44241236805584,38.981124541736264
1644440413537.8662,1,-250.55716603814344,120.7812189915865,39.32688855381926
1644440413638.327,1,-250.58221052954872,120.69208151588884,39.22611777272504
1644440413739.0671,1,-250.60720081960835,120.6207558320944,39.11242420876664
1644440413839.632,1,-250.46409273856275,121.16449237290269,39.66041244614105
1644440413940.219,1,-250.47613007578724,121.1236416063637,39.609870369907824
1644440414040.8882,1,-250.50452112983393,121.02011985432051,39.497194329356674
1644440414141.318,1,-250.52356659002857,120.93897945666829,39.432259574176655
1644440414241.751,1,-250.54259500953646,120.86264081202948,39.363075932396335
1644440414342.169,1,-250.57682829477378,120.73541746161871,39.229398743907886
1644440414442.792,1,-250.6219705760934,120.56731432028354,39.053430951604874
1644440414543.302,1,-250.66991643932238,120.38904085910038,38.866288882363556
1644440414643.733,1,-250.7156703226538,120.21955783892865,38.68711951745496
1644440414744.189,1,-250.57573254460354,120.75279491980567,39.221560023780185
1644440414845.184,1,-250.60634125064158,120.64345796082121,39.098014504783606
1644440414945.769,1,-250.64204173880364,120.51593271342718,38.95391709233682
1644440415046.216,1,-250.67893273024586,120.37050862251755,38.817442539244375
1644440415146.754,1,-250.71939738158727,120.20268263798678,38.67531989990612
1644440415247.192,1,-250.77100240601837,120.0038604432509,38.480218752900136
1644440415347.635,1,-250.83827789055553,119.75250859162988,38.21872821825609
1644440415448.175,1,-250.8612129991017,119.66982933349354,38.12684137203792
1644440415548.968,1,-250.80501967145995,119.88150042510298,38.343687053244935
1644440415649.566,1,-250.82232174165938,119.80584091940584,38.28646911623553
1644440415750.1099,1,-250.70012551034856,120.27025586802229,38.754261115811765
1644440415850.7239,1,-250.75124395020347,120.0807760178497,38.5541985640041
1644440415951.268,1,-250.8110183610663,119.85749914337605,38.321613493257935
1644440416051.6938,1,-250.6871083350752,120.32921954204879,38.79510024462339
1644440416152.173,1,-250.54241924811294,120.88069893277569,39.347503429137774
1644440416252.82,1,-250.5039036266475,121.03144603840596,39.4909050744422
1644440416353.3088,1,-250.53691483254332,120.91258748172073,39.358439064197746
1644440416454.104,1,-250.57326948114093,120.77545636036311,39.21822927134948
1644440416554.6638,1,-250.61103065201868,120.61875360871585,39.08557578142244
1644440416655.145,1,-250.64019973968368,120.49222337126952,38.98805731606366
1644440416756.814,1,-250.68153261390748,120.33954013194104,38.82566843950701
1644440416857.323,1,-250.7294019900026,120.16169477074084,38.63852332722418
1644440416957.989,1,-250.78539059508364,119.95415569735812,38.41920770400984
1644440417058.4668,1,-250.72533934518046,120.18664202384646,38.644986388048096
1644440417159.075,1,-250.70866009301986,120.2424395063836,38.71548238835716
1644440417259.5479,1,-250.69558137579958,120.2826979270159,38.77383914585681
1644440417359.967,1,-250.61398309557694,120.59482053825204,39.084021369871564
1644440417460.406,1,-250.65093982769417,120.45815744607283,38.93855912197545
1644440417561.094,1,-250.68722286895996,120.30123807485282,38.81615204497642
1644440417661.9219,1,-250.7301570746882,120.16122144293185,38.63382808676629
1644440417762.584,1,-250.78645442175645,119.95347577464382,38.41251290161826
1644440417863.096,1,-250.8614370434871,119.67488425466274,38.11949030650224
1644440417963.6172,1,-250.81906730891208,119.84132532793312,38.276575973465974
1644440418064.1428,1,-250.69651283323606,120.31151527913072,38.74150373600463
1644440418164.692,1,-250.55338819187833,120.86004955191193,39.284991099505156
1644440418265.26,1,-250.4477788551316,121.26846437636952,39.682579934497774
1644440418365.9338,1,-250.45478909038738,121.2465244730974,39.651117179548336
1644440418466.521,1,-250.45796727240693,121.22442440860041,39.64767696688847
1644440418567.047,1,-250.4684632465024,121.19390809348472,39.59849211932102
1644440418667.5469,1,-250.47391613505752,121.16305525319858,39.586297686844915
1644440418768.0881,1,-250.48027611587707,121.12707001886565,39.572074701014806
1644440418868.56,1,-250.50256776790883,121.02885847356795,39.49828367431102
1644440418969.137,1,-250.52856765364345,120.91430936110525,39.41221745275825
1644440419069.747,1,-250.55889264064993,120.78070491443636,39.31183404811879
1644440419170.137,1,-250.58534173918505,120.68909212129763,39.20395543576681
1644440419270.613,1,-250.6112100178787,120.61701982929382,39.08419906497743
1644440419371.155,1,-250.64553554483803,120.50180704925756,38.94131368304556
1644440419471.67,1,-250.69077763756778,120.31726089964464,38.77959347079479
1644440419572.9111,1,-250.54705605140592,120.86650164079248,39.32704100659609
1644440419673.548,1,-250.56558291435886,120.78118448172489,39.26969046978714
1644440419774.11,1,-250.59450322148896,120.67657014850944,39.15415148802541
1644440419874.747,1,-250.64258574065386,120.49867771073777,38.965666256013726
1644440419975.359,1,-250.68490685614861,120.3284091047181,38.812030658315095
1644440420075.878,1,-250.74060030732957,120.1126896181795,38.60237117301818
1644440420176.431,1,-250.80366602361363,119.87728241209462,38.35698831151138
1644440420277.3809,1,-250.87202636408497,119.62241865500589,38.09072031459715
1644440420377.965,1,-250.95140139104595,119.32540743322,37.78253451349941
1644440420478.4329,1,-250.9829868704915,119.21012593457654,37.65719043778644
1644440420578.912,1,-250.8880397957363,119.57507852027244,38.01682565279405
1644440420679.606,1,-250.77677581398098,120.0011059637991,38.43976225190571
1644440420780.324,1,-250.64752536913113,120.49763869431833,38.9295788985958
1644440420880.7832,1,-250.6976390648955,120.29472075722757,38.74890819401474
1644440420981.2888,1,-250.76049825981576,120.05496903625173,38.50884648104544
1644440421081.813,1,-250.70133727984512,120.28463750940443,38.7307018513411
1644440421182.335,1,-250.6899854324602,120.32044941966804,38.78056522953337
1644440421282.876,1,-250.74686556785593,120.10277145059058,38.56386779168062
1644440421383.45,1,-250.80327200159158,119.88716693996541,38.34868248397278
1644440421483.908,1,-250.8054096621031,119.86869020260075,38.34949757684832
1644440421584.346,1,-250.6804000931667,120.34356017849889,38.82777441000952
1644440421685.889,1,-250.72172429372193,120.21425769838403,38.64781611695677
1644440421786.43,1,-250.5976672819229,120.69037295758224,39.118516435865644
1644440421887.471,1,-250.62461336254913,120.5757566546827,39.02647767406711
1644440421988.0422,1,-250.66045099148198,120.43899561362092,38.88979189669485
1644440422088.582,1,-250.70496954417746,120.27758575174512,38.71227499600069
1644440422189.089,1,-250.7619880461881,120.05598840603433,38.49845435485733
1644440422289.689,1,-250.8332906947093,119.77810195006012,38.2317737046261
1644440422390.1301,1,-250.91424182735136,119.47004204444842,37.92224035298299
1644440422490.588,1,-250.93483940493425,119.38217625535823,37.85211646474476
1644440422591.259,1,-250.8318356057707,119.7724404197996,38.24722128628302
1644440422692.646,1,-250.72609569661762,120.17505903008912,38.651282342646546
1644440422794.042,1,-250.73322250052559,120.13054406099377,38.63978890400684
1644440422894.594,1,-250.59667957205306,120.64529979362733,39.16592365019853
1644440422995.507,1,-250.63077283244596,120.51808093655723,39.03312297706043
1644440423096.108,1,-250.6705375332977,120.36969912338316,38.8782308083617
1644440423196.634,1,-250.72623729021836,120.16034668211786,38.66268075029105
1644440423297.204,1,-250.7868829530078,119.93071821881546,38.429306981629054
1644440423397.692,1,-250.73638352351227,120.12185842539535,38.62294119436355
1644440423498.167,1,-250.73559595039544,120.12571921923067,38.62480551580121
1644440423598.734,1,-250.7922756716238,119.91243243887655,38.40546520450866
1644440423699.268,1,-250.85640138912837,119.66504949473816,38.162829802089526
1644440423799.843,1,-250.86789955175354,119.60925863657071,38.12925237079613
1644440423900.326,1,-250.75328522470238,120.04097196910392,38.57089124213995
1644440424000.832,1,-250.62012710200347,120.54413644070105,39.082521298635726
1644440424101.747,1,-250.67247217367859,120.3442135523375,38.88212032874772
1644440424202.476,1,-250.72951553543172,120.14204122204235,38.65203099061986
1644440424303.153,1,-250.6626970077517,120.40316947556325,38.901931991278495
1644440424403.616,1,-250.63982306761474,120.4920360982647,38.98705330236442
1644440424504.059,1,-250.67880075340577,120.35466496624606,38.82853215709892
1644440424604.676,1,-250.72437005194067,120.19580925010578,38.643116385622
1644440424705.406,1,-250.78256104883016,119.96047551837736,38.43289052113347
1644440424806.071,1,-250.84497022359687,119.70664643831516,38.20869925106738
1644440424907.085,1,-250.74141526836416,120.09832016846558,38.6063521368257
1644440425007.604,1,-250.79341177796113,119.92785711085698,38.386084290346965
1644440425108.844,1,-250.66692873869536,120.4122048375554,38.86697156626311
1644440425209.375,1,-250.6449111289675,120.5002975963407,38.947035225981615
1644440425309.9612,1,-250.68698039051557,120.34564838433532,38.78086580264711
1644440425410.657,1,-250.73166961415453,120.17050042903762,38.61441371426366
1644440425511.172,1,-250.78357747147248,119.96753856603598,38.42074924443147
1644440425611.622,1,-250.84644806847845,119.72918863949653,38.17937996996525
1644440425712.079,1,-250.86047397319288,119.666638319793,38.133933355014555
1644440425812.642,1,-250.75495748458678,120.06933504660346,38.53614727743124
1644440425913.435,1,-250.62207754362413,120.5772177382657,39.04199764829753
1644440426014.201,1,-250.66039577639813,120.43867337818241,38.88858178808132
1644440426115.72,1,-250.69795992406904,120.2820587974697,38.757074713254255
1644440426217.201,1,-250.748378862962,120.09477922789999,38.55973748612761
1644440426318.728,1,-250.6863541672942,120.33322933008495,38.79427109204145
1644440426420.5989,1,-250.6819500435468,120.35445806995097,38.806538173029
1644440426521.3489,1,-250.60469137721222,120.65353500835477,39.09674958270525
1644440426622.304,1,-250.50548622368763,121.029083160348,39.477197531834214
1644440426722.974,1,-250.51709791337527,120.97081156387154,39.44482565012025
1644440426823.599,1,-250.53064121669965,120.90284644186961,39.40706868063321
1644440426924.054,1,-250.55175878314202,120.84878789907499,39.305378338780905
1644440427024.816,1,-250.58201649066538,120.76496868357135,39.164666197505944
1644440427125.5,1,-250.60688143701435,120.66239672733641,39.07682869897985
1644440427226.134,1,-250.63536029952675,120.54312655671413,38.97785514963406
1644440427326.666,1,-250.68785937325057,120.3446973342387,38.775878941309955
1644440427427.618,1,-250.61627560384647,120.62279918983187,39.044412650207036
1644440427528.2441,1,-250.58127038018475,120.7512796135871,39.18257202579883
1644440427628.824,1,-250.60584593288587,120.64654586033357,39.098812876557396
1644440427729.524,1,-250.63415253847887,120.52463888562183,39.003496412299235
1644440427830.048,1,-250.67866294080835,120.35991893409482,38.82905352445128
1644440427930.68,1,-250.7360396231275,120.1471450886514,38.604586095189184
1644440428031.148,1,-250.66725641348978,120.4121000614507,38.86467840476786
1644440428131.5679,1,-250.59314955293183,120.69137303899782,39.15053760136638
1644440428232.042,1,-250.61934410581648,120.57692310042187,39.06382558542529
1644440428332.5369,1,-250.65720762907915,120.43832972710341,38.91404081957598
1644440428433.0051,1,-250.71068994603573,120.24039404029865,38.704447784802554
1644440428533.505,1,-250.77810021745438,119.98994336671007,38.441153990992156
1644440428634.0352,1,-250.72152808287117,120.20903162309773,38.654005943319376
1644440428734.496,1,-250.7040316911917,120.26868148938924,38.727220858704285
1644440428834.992,1,-250.7511766808799,120.08216751280878,38.5534216461207
1644440428935.514,1,-250.74928934602724,120.09288903412629,38.55741494699072
1644440429036.01,1,-250.61510939632527,120.60493927007245,39.069179296068384
1644440429136.571,1,-250.65226847236104,120.47100640842787,38.9202851241604
1644440429237.032,1,-250.6882975036053,120.31989830897132,38.79527042903987
1644440429337.7212,1,-250.73525142613238,120.14021032199345,38.61664736054325
1644440429438.196,1,-250.7918738354808,119.92933414788685,38.395949933760186
1644440429538.626,1,-250.74203811167956,120.1215320489827,38.58418671830428
1644440429639.2551,1,-250.73723763445298,120.14406883282945,38.59865483670071
1644440429739.763,1,-250.7333707823499,120.16485083293217,38.60791543355359
1644440429840.178,1,-250.65789352179513,120.45748487859777,38.89159581938834
1644440429940.64,1,-250.69949938627053,120.30088722339707,38.73092832471659
1644440430041.107,1,-250.74338531688358,120.12147966481817,38.574413978310815
1644440430141.6409,1,-250.62293163318319,120.5821612257661,39.032903794202475
1644440430242.275,1,-250.46756670180372,121.17571766287314,39.62486578467541
1644440430342.767,1,-250.4796595484667,121.1370989426146,39.571886279154185
1644440430443.409,1,-250.48731420458188,121.0965590016871,39.553008663861974
1644440430543.8982,1,-250.50049514455483,121.04630598081872,39.50269322231349
1644440430644.389,1,-250.51806566335372,120.98615952630969,39.429390215749116
1644440430744.869,1,-250.53415000488292,120.91908588895372,39.37322949262519
1644440430845.67,1,-250.55284321166525,120.84090112119107,39.308170704188946
1644440430946.2532,1,-250.57749626216773,120.7477203464711,39.213324980957864
1644440431046.9512,1,-250.60375726212794,120.64077946696442,39.11928986748931
1644440431147.4868,1,-250.65337919817122,120.45693322140109,38.92500537770946
1644440431247.973,1,-250.50307924297644,121.02965788230453,39.499018382438315
1644440431348.499,1,-250.5216020156194,120.96637729308407,39.42162827782122
1644440431449.386,1,-250.53607771292613,120.89754667022278,39.37879390233712
1644440431550.242,1,-250.56684678854762,120.7777915974259,39.263567467497964
1644440431650.815,1,-250.6103286385209,120.61673742663393,39.09328366901566
1644440431751.569,1,-250.59988480540287,120.66014493091404,39.12988140239807
1644440431852.4722,1,-250.51671862243782,120.97918071702922,39.44556528298653
1644440431953.106,1,-250.5471557410799,120.86942155219931,39.32365506563417
1644440432053.7068,1,-250.57248828650577,120.77985023502012,39.22056892205694
1644440432154.208,1,-250.59524582160472,120.68011854701443,39.145506670936975
1644440432254.748,1,-250.6285781894361,120.55905652726699,39.012785402946626
1644440432355.266,1,-250.68232910609754,120.36161560694137,38.80078381241695
1644440432455.76,1,-250.73570136260537,120.1676174332485,38.58840704823542
1644440432556.706,1,-250.78817270552113,119.96425082379625,38.39112961420992
1644440432657.513,1,-250.8471487659516,119.72860668348521,38.1758322067175
1644440432758.112,1,-250.85710774749435,119.68338861324025,38.14441773557582
1644440432858.622,1,-250.80692009940486,119.87813727428791,38.33289681525951
1644440432959.0781,1,-250.88348446294904,119.58671832288879,38.04018537194601
1644440433059.509,1,-250.95797645457546,119.28850821066064,37.76876539656935
1644440433159.976,1,-251.0665230295724,118.87971058684356,37.34982010764682
1644440433261.056,1,-250.98494987298224,119.19006303225927,37.66179981406084
1644440433361.7761,1,-250.89946637922728,119.51551879722857,37.988528851134866
1644440433462.2458,1,-250.79531748092953,119.91192234702064,38.38670495597737
1644440433562.87,1,-250.66862906978298,120.393984023864,38.87117126567835
1644440433663.331,1,-250.64640267879687,120.4815594935938,38.95343278661927
1644440433763.843,1,-250.68824502972427,120.32746702043431,38.78875987815559
1644440433864.309,1,-250.73704788836548,120.14774114417308,38.59669350292462
1644440433964.777,1,-250.73328524895575,120.16569705336173,38.60745283525717
1644440434065.348,1,-250.59680011469143,120.68960964001027,39.125164941285924
1644440434168.702,1,-250.63564036766536,120.53102406238811,38.98638404370698
1644440434269.228,1,-250.67406678964994,120.3862949972331,38.838008858512026
1644440434369.89,1,-250.71372198797786,120.22109508844959,38.69930744242564
1644440434470.966,1,-250.75997385947855,120.02841404598453,38.537532937586576
1644440434572.898,1,-250.62740600933571,120.52985420781371,39.04708959967361
1644440434673.513,1,-250.6757476705419,120.34727154621905,38.860847838268334
1644440434773.997,1,-250.61180853100612,120.58927757216759,39.106367452604665
1644440434874.412,1,-250.59029781071777,120.67089390565407,39.18865010917182
1644440434974.8818,1,-250.56181342791592,120.77943513117553,39.29721445956503
1644440435075.349,1,-250.45796274522425,121.17419036377711,39.694460575246346
1644440435176.61,1,-250.46898035327538,121.13495286558454,39.64958243184722
1644440435277.932,1,-250.48178339306156,121.08587905264714,39.60028228419324
1644440435378.72,1,-250.51111488084655,120.97607547033853,39.486011258104774
1644440435479.137,1,-250.54532568450298,120.84800597646642,39.35273115769543
1644440435579.747,1,-250.58121812860787,120.72963990888167,39.200928298038114
1644440435680.186,1,-250.61085790102558,120.61691634599504,39.08867895242152
1644440435780.654,1,-250.6540667192657,120.45047819987202,38.925191669375096
1644440435881.274,1,-250.70990967559763,120.23647483903494,38.71291083446632
1644440435981.776,1,-250.7725490465501,119.98861244196931,38.48190518689348
1644440436082.187,1,-250.84554375579035,119.71407147194284,38.199689360903974
1644440436182.693,1,-250.92051338020505,119.43230676774327,37.9096306456549
1644440436283.456,1,-251.0079542601173,119.10367028522447,37.57132043687918
1644440436384.1519,1,-250.93151182648683,119.39503846198865,37.86294485974367
1644440436484.637,1,-250.82747945095497,119.79111610138901,38.260283268904836
1644440436586.148,1,-250.8316779447796,119.77840402197985,38.240923095091624
1644440436687.742,1,-250.90959135500168,119.47389526261736,37.94991120260017
1644440436788.44,1,-251.00329993192645,119.10067680714629,37.6062720126523
1644440436888.9639,1,-251.10808585431863,118.69677369662709,37.21105170566257
1644440436989.451,1,-251.16135026683006,118.50967375653215,36.995581235064506
1644440437089.9739,1,-251.1002575669215,118.74067651776475,37.23053492615352
1644440437190.732,1,-251.03916986037422,118.97166039817789,37.465469413497075
1644440437292.1182,1,-250.95304648275248,119.29730876642972,37.796687472145436
1644440437392.872,1,-251.0458992696492,118.94621526109437,37.43958907836108
1644440437493.4421,1,-250.97055475557016,119.23110675912977,37.72935318622768
1644440437594.1218,1,-250.87823146412583,119.58019814454356,38.08441521705664
1644440437694.866,1,-250.7653358587566,120.00707724156095,38.518595392903045
1644440437795.32,1,-250.75919671754716,120.03029046626845,38.54220564239962
1644440437895.8262,1,-250.8198024447998,119.80112903842486,38.30912477773905
1644440437996.48,1,-250.83403693110205,119.74730582148624,38.25438100143728
1644440438097.173,1,-250.78982213688496,119.91449010973626,38.424424707438135
1644440438197.999,1,-250.8555224265322,119.66606520225959,38.171750892377936
1644440438298.5151,1,-250.93215201060812,119.37631461765349,37.877044591097636
1644440438399.164,1,-250.82822613020411,119.76927753094414,38.27672850156725
1644440438499.685,1,-250.70701209853303,120.22761013137065,38.74290014229579
1644440438600.2432,1,-250.69117075431814,120.287509174313,38.803823661810924
1644440438700.865,1,-250.74046030952752,120.10113627918248,38.61426315874071
1644440438801.408,1,-250.6725777621079,120.35832226018914,38.87486555460756
1644440438901.984,1,-250.58715281280493,120.68302503823537,39.20185360051829
1644440439002.4668,1,-250.61913890230983,120.56244651556955,39.07850568821426
1644440439102.952,1,-250.6713195861951,120.36556952244223,38.87743671840046
1644440439203.739,1,-250.52447905963965,120.9194219239069,39.443104363881154
1644440439304.2769,1,-250.5462058529183,120.83688027176704,39.35973716149642
1644440439404.86,1,-250.57138038370758,120.74189568720585,39.262653302709815
1644440439505.62,1,-250.60544858912868,120.61331657408206,39.13132136572327
1644440439606.641,1,-250.65535187873797,120.42490185486677,38.939038325059165
1644440439707.5989,1,-250.5880198833269,120.6798217432103,39.197564987861526
1644440439808.582,1,-250.49355979425403,121.03841798013113,39.55939954197821
1644440439909.486,1,-250.51033372158938,120.97671003046769,39.49315359112938
1644440440010.3691,1,-250.529540895352,120.90498623533315,39.41826365947666
1644440440111.529,1,-250.55194319745152,120.82133113093363,39.33091572927955
1644440440212.426,1,-250.57807213997913,120.72375993466653,39.229037402763026
1644440440312.958,1,-250.6182070735377,120.57343364197975,39.07306280032042
1644440440413.7112,1,-250.66057332591902,120.41490841771606,38.90823713870532
1644440440514.438,1,-250.70036392827137,120.2528067128713,38.76538219471727
1644440440615.998,1,-250.74654167326824,120.06390127492226,38.600307234936615
1644440440717.097,1,-250.7535427223451,120.03506014150432,38.57495125323149
1644440440818.5771,1,-250.68944378475948,120.28289736995652,38.81709794164746
1644440440919.817,1,-250.73279479752122,120.14313887378562,38.63188782418195
1644440441020.672,1,-250.79885109890586,119.89609795828342,38.375358418546206
1644440441121.5361,1,-250.88092704686989,119.5883733629016,38.057320351970304
1644440441222.615,1,-250.85111965662557,119.7041360841169,38.169172542211875
1644440441323.545,1,-250.73371398093153,120.1516323540536,38.61745216520832
1644440441424.59,1,-250.59677777950975,120.67356997753994,39.140303453147006
1644440441525.439,1,-250.62357589071564,120.55615848580416,39.05188897866705
1644440441629.79,1,-250.6592409353997,120.41613727406286,38.91943039163573
1644440441730.787,1,-250.71287836138796,120.21463771183988,38.71195242139953
1644440441831.5352,1,-250.77130175594655,119.99404060367858,38.486775033658176
1644440441932.49,1,-250.8342459021999,119.7563375081193,38.24417773565282
1644440442033.501,1,-250.7140332642957,120.2125175256557,38.70493453108199
1644440442134.2822,1,-250.7671260158725,120.01366971127774,38.49892374398177
1644440442234.784,1,-250.84392447152857,119.72550326871216,38.20144086567267
1644440442335.282,1,-250.92417824311983,119.42568731138915,37.8893629348145
1644440442435.793,1,-250.8287684743964,119.79021150252278,38.2527287695032
1644440442536.282,1,-250.8339866138803,119.76071108181154,38.24139489533892
1644440442636.8489,1,-250.90495047150483,119.47365103191086,37.9853481785559
1644440442737.304,1,-250.80666740549702,119.84435956330337,38.36394454175437
1644440442837.864,1,-250.6865729349542,120.29738834954344,38.82652653623066
1644440442938.3198,1,-250.61782738995643,120.55607929539852,39.09174709821627
1644440443039.116,1,-250.65539125039479,120.41070941254097,38.94965060770281
1644440443140.099,1,-250.69872885721855,120.24483097313548,38.78434853082632
1644440443240.803,1,-250.75893512980173,120.01483447413483,38.554399587681026
1644440443341.701,1,-250.82471160410998,119.76338584259442,38.303293896087546
1644440443442.782,1,-250.70291292828188,120.22073835606847,38.77388471091548
1644440443553.08,1,-250.74798215651833,120.07100436999158,38.5849618243846
1644440443654.253,1,-250.82612047090524,119.78416908703508,38.27767963881953
1644440443755.757,1,-250.90256488852825,119.4962714069489,37.98249656456827
1644440443856.589,1,-250.87635697012118,119.59671289595227,38.081901759413164
1644440443957.279,1,-250.8370341502568,119.74034558251911,38.23754545049342
1644440444058.016,1,-250.85000243291438,119.67772891047319,38.199819511921426
1644440444158.942,1,-250.80322924999564,119.85305511265611,38.38084017082522
1644440444259.5671,1,-250.88132763500943,119.55596407516406,38.081812100582326
1644440444360.494,1,-250.76894708008183,119.97881181583766,38.51555924597281
1644440444461.004,1,-250.83132508242429,119.7399245122873,38.27790896515878
1644440444561.945,1,-250.71110159497027,120.18970037831141,38.74384470125781
1644440444662.4329,1,-250.69245357530934,120.27393628021159,38.805098052733136
1644440444762.917,1,-250.75466591888681,120.04580378465816,38.56051700445981
1644440444863.573,1,-250.75857328387934,120.03076008408445,38.54563732448214
1644440444964.4922,1,-250.68727062363845,120.30110049509322,38.81907650253571
1644440445065.748,1,-250.74097437033478,120.09894543785504,38.611579134060165
1644440445166.401,1,-250.8088818851458,119.84264305730288,38.34983496954547
1644440445267.266,1,-250.8782751658389,119.5819016260753,38.08127730783396
1644440445367.906,1,-250.97356336928766,119.22191022575842,37.71431861910868
1644440445468.51,1,-250.94950668247265,119.3132355700852,37.8062609403936
1644440445569.163,1,-250.84846776526987,119.69570523461141,38.194169935357586
1644440445670.541,1,-250.73078622296774,120.14168363570606,38.64550819342002
1644440445771.374,1,-250.78702295175572,119.93080322839731,38.42723570390594
1644440445872.336,1,-250.65895473921137,120.41600575458477,38.91844433513872
1644440445973.143,1,-250.63564140284473,120.50687984585865,39.00509398248411
1644440446074.104,1,-250.68553616124564,120.32034752477769,38.810647712381645
1644440446175.356,1,-250.7400468557215,120.13199883101571,38.58676695133852
1644440446276.156,1,-250.79109861934938,119.95389619843402,38.37923145187282
1644440446378.723,1,-250.7912112282298,119.94651992526414,38.38512838938664
1644440446479.553,1,-250.67871342218592,120.37809679706915,38.81213039991856
1644440446583.901,1,-250.7311449528597,120.18707713629243,38.60389842997011
1644440446684.6362,1,-250.7899545692192,119.95221312913677,38.389103824645055
1644440446785.594,1,-250.74263378411825,120.13016254013624,38.57198451144583
1644440446886.3982,1,-250.74318277175067,120.1206891878774,38.57661034212702
1644440446986.961,1,-250.7501982254509,120.08481891943433,38.55813937590265
1644440447087.467,1,-250.6160041909626,120.5956420759575,39.07112393507653
1644440447188.718,1,-250.65278972972808,120.4605273293583,38.92602904095749
1644440447290.167,1,-250.70535399262084,120.26641208745781,38.719648761182896
1644440447391.397,1,-250.76291200012824,120.03999916986145,38.50618129265055
1644440447491.853,1,-250.82223074639313,119.81044061645683,38.2825115307313
1644440447592.586,1,-250.89117423636282,119.54620664355632,38.02052238955746
1644440447693.281,1,-250.9669454277945,119.2412573818722,37.7458314617234
1644440447794.031,1,-250.8688074594783,119.6117534186464,38.12368796577576
1644440447894.795,1,-250.8845867715555,119.55141044822753,38.06350695417747
1644440447995.6719,1,-250.97636933841642,119.20297822347132,37.71155348850248
1644440448096.448,1,-251.01241800889272,119.06377208388894,37.57506908902928
1644440448197.219,1,-250.93671812335268,119.34850316374046,37.86731710310288
1644440448302.509,1,-251.04172835836926,118.94968574716408,37.464765967432236
1644440448403.6091,1,-250.96158410526098,119.25172567364672,37.773556427485445
1644440448506.016,1,-250.86761725802705,119.60592003000227,38.13555081386066
1644440448606.781,1,-250.76782965463636,119.98083784356352,38.521035400034066
1644440448707.925,1,-250.71324690719152,120.18222782694053,38.734147788696646
1644440448808.888,1,-250.76673123470684,119.97797658701728,38.529520864213815
1644440448909.971,1,-250.82877346782658,119.7399848481005,38.293111371786715
1644440449010.951,1,-250.71235635799493,120.1756508190546,38.743910213189224
1644440449111.913,1,-250.70356249372884,120.21946790601994,38.76954631467721
1644440449213.125,1,-250.75069305242934,120.05441617334938,38.578124263346865
1644440449314.281,1,-250.82475787179885,119.77302793653156,38.29381645321034
1644440449415.0168,1,-250.90148401057988,119.48135459885249,37.99936255394358
1644440449516.176,1,-250.99541876107313,119.12435320948045,37.63883058125708
1644440449616.689,1,-250.94958601714535,119.29475430485186,37.81625832430736
1644440449717.199,1,-251.0356895061186,118.99098214959024,37.46803354141846
1644440449817.679,1,-251.0192948666949,119.06255314710268,37.52293083956393
1644440449918.178,1,-250.94003308001533,119.36487522470215,37.82460371773691
1644440450019.1218,1,-250.89642914725692,119.52618167298905,37.99464771497957
1644440450119.611,1,-250.98794818065676,119.16166110266649,37.65845047876036
1644440450220.392,1,-250.89377906775937,119.51524239945643,38.0213388124712
1644440450320.89,1,-250.77852595071877,119.9689751849749,38.4535008522962
1644440450421.695,1,-250.77707271586027,119.97342833349381,38.463126659862034
1644440450522.206,1,-250.85088471094738,119.68180794505585,38.19056922001282
1644440450622.767,1,-250.9369106190617,119.35622980766118,37.8598894286915
1644440450723.356,1,-250.83394161447305,119.74573620669281,38.25561986373223
1644440450823.995,1,-250.90750360068608,119.46887424527912,37.97138944568114
1644440450924.426,1,-250.8821172408987,119.56475819506903,38.06894696263567
1644440451024.911,1,-250.83102696027672,119.7578156824431,38.26534560773085
1644440451125.603,1,-250.84242278168458,119.71458102378573,38.2214172349162
1644440451226.0771,1,-250.73322979512162,120.12729076576794,38.641239066449444
1644440451326.539,1,-250.79506942095105,119.89431247197322,38.402321909331796
1644440451427.027,1,-250.86182573345636,119.64240314226109,38.14475277154525
1644440451527.608,1,-250.8236265624454,119.78686984676568,38.29120271222183
1644440451628.057,1,-250.8373519369045,119.7350050292558,38.23788207840015
1644440451728.4949,1,-250.84979992310804,119.68797580064859,38.189385126059896
1644440451828.9631,1,-250.79153065139585,119.91547467700293,38.40745945545965
1644440451929.46,1,-250.85181653809212,119.71128600295518,38.15714916620436
1644440452030.0,1,-250.92104054571757,119.43379782146854,37.905186209234024
1644440452130.5,1,-250.81526626446214,119.83632311055057,38.30955149983102
1644440452230.988,1,-250.70677003245834,120.24956865627483,38.723981235835595
1644440452331.5078,1,-250.7057621038053,120.25688037779743,38.724555544417434
1644440452431.948,1,-250.75859265658755,120.04638859684185,38.53081099177911
1644440452532.4768,1,-250.763123825767,120.01658651868118,38.524623024401684
1644440452633.1401,1,-250.69745316010437,120.26508991276313,38.776770438555936
1644440452734.6958,1,-250.7477877984166,120.0749875559868,38.58270961069584
1644440452835.212,1,-250.8066609206603,119.85314613343076,38.35526691197264
1644440452935.68,1,-250.68238188661692,120.32506563075998,38.831027692958735
1644440453036.091,1,-250.72848328907864,120.13163708018436,38.6706907671802
1644440453136.579,1,-250.79885349699114,119.86309460145064,38.401781467157946
1644440453237.226,1,-250.68762698831668,120.28079360556774,38.83155373016649
1644440453337.845,1,-250.669083302953,120.34917505038757,38.90374905760035
1644440453438.342,1,-250.71469859339965,120.1730603218412,38.73081122206125
1644440453538.855,1,-250.77876635300976,119.94241651815398,38.47555149601543
1644440453639.333,1,-250.84362139474152,119.71156098366289,38.2151698780439
1644440453740.234,1,-250.9185797324965,119.42699275672068,37.927405625968134
1644440453840.739,1,-250.9543659784132,119.29091345871876,37.78996039400879
1644440453941.226,1,-250.86430322052354,119.631223452276,38.13605384684597
1644440454041.645,1,-250.74909064096713,120.06659064903425,38.57882414903581
1644440454142.059,1,-250.80184156772725,119.89121407165752,38.35745278588956
1644440454242.454,1,-250.6762384435083,120.3698309107418,38.837052974279814
1644440454343.148,1,-250.72304399716734,120.19715230067692,38.65302019325758
1644440454443.654,1,-250.79250937462788,119.9395083299738,38.38117137948031
1644440454544.107,1,-250.85424764159296,119.69832344972245,38.15063863533543
1644440454644.5679,1,-250.92387606518201,119.41867893739473,37.89759264647683
1644440454745.058,1,-250.89361896301165,119.52759060679254,38.01876336465376
1644440454845.5862,1,-250.78880584206559,119.92361641046247,38.42168827147527
1644440454946.104,1,-250.72021167181552,120.17658195502268,38.69090620721551
1644440455046.581,1,-250.76984139910903,119.97383410709598,38.51330534149915
1644440455147.02,1,-250.77608956291223,119.94622903824116,38.492231652894134
1644440455247.425,1,-250.65637038424904,120.3955512895962,38.955148477416415
1644440455347.88,1,-250.70457674255218,120.20935751578244,38.772662872889484
1644440455448.365,1,-250.7647964310324,120.0014901788818,38.52633469656298
1644440455549.0342,1,-250.6330308194292,120.49845153441791,39.034028522521155
1644440455649.521,1,-250.620401994026,120.54252257794764,39.08488995454463
1644440455750.194,1,-250.6579191107613,120.39857136142146,38.94208504850154
1644440455850.6938,1,-250.70167722912888,120.23067374774462,38.775524434950825
1644440455951.3271,1,-250.76237396567907,119.99832218325757,38.544107596573866
1644440456051.824,1,-250.76756357026775,119.97537988125535,38.5264981987951
1644440456152.315,1,-250.69741719718465,120.23674460641023,38.79901084891402
1644440456252.961,1,-250.75245172483602,120.02413321697966,38.590551628098794
1644440456353.504,1,-250.82225352361013,119.75433879352778,38.326272455023926
1644440456454.042,1,-250.70037068059483,120.20767484853383,38.80039026270919
1644440456554.554,1,-250.74501700394552,120.05576773778917,38.61587659539345
1644440456655.005,1,-250.80326392478034,119.83084447393519,38.39505095122652
1644440456755.539,1,-250.88206459634645,119.54327279702144,38.083937242235315
1644440456856.029,1,-250.85028214499843,119.66827140418711,38.202186667893464
1644440456956.5488,1,-250.87379324705907,119.57424133551487,38.11467055856537
1644440457057.099,1,-250.83336607801715,119.72254970141022,38.27275968307713
1644440457157.798,1,-250.77416600342391,119.94185592894101,38.50306273319109
1644440457258.851,1,-250.78310742213907,119.9118020577303,38.46683226895222
1644440457359.3682,1,-250.7201433931632,120.16527503024126,38.7006721227718
1644440457459.786,1,-250.77460967891167,119.95831906981466,38.4915761959331
1644440457560.291,1,-250.8377793643092,119.7171851440335,38.25007308336201
1644440457660.743,1,-250.7183197981704,120.16673674481477,38.71071087369926
1644440457761.2258,1,-250.77264800505694,119.95990855129688,38.50218520012588
1644440457861.674,1,-250.8354913644787,119.71903903700013,38.26244690367726
1644440457962.2432,1,-250.78325202958678,119.91277823418574,38.46562409188033
1644440458062.8108,1,-250.79095758738742,119.89507249278513,38.426868977460565
1644440458163.249,1,-250.8695561502071,119.60391571068064,38.11936922749807
1644440458263.7588,1,-250.9633939386049,119.24758637050883,37.75874715932051
1644440458364.209,1,-251.01168279354565,119.0632345286687,37.57334370338054
1644440458464.6658,1,-250.92620118329816,119.38440023760542,37.90245343505093
1644440458565.1199,1,-250.81863041889966,119.79779780078805,38.31166634271305
1644440458665.544,1,-250.6874286969319,120.3212105997278,38.800408448721896
1644440458765.97,1,-250.73609575797633,120.14044396300204,38.61027982229048
1644440458866.397,1,-250.79756449438466,119.91181288642638,38.37042504798678
1644440458966.85,1,-250.68612355912109,120.33761621524935,38.79498114620827
